shipment_id,source,destination,transit_hours,avg_temp_celsius
SHP-1000,Central_Hub_B,Central_Hub_A,15.0,5.5
SHP-1001,Regional_Warehouse_E,Regional_Warehouse_D,11.2,6.54
SHP-1002,Regional_Warehouse_D,Regional_Warehouse_C,15.9,4.72
SHP-1003,Central_Hub_B,Hospital_Pharma_I,21.1,13.82
SHP-1004,Central_Hub_B,Retail_Store_G,10.6,3.13
SHP-1005,Central_Hub_A,Hospital_Pharma_J,10.6,6.52
SHP-1006,Central_Hub_B,Regional_Warehouse_D,21.5,15.08
SHP-1007,Regional_Warehouse_D,Hospital_Pharma_I,16.6,4.8
SHP-1008,Hospital_Pharma_J,Central_Hub_A,9.2,5.01
SHP-1009,Hospital_Pharma_I,Regional_Warehouse_D,15.3,15.59
SHP-1010,Hospital_Pharma_I,Retail_Store_G,9.2,4.42
SHP-1011,Regional_Warehouse_D,Retail_Store_H,9.2,3.33
SHP-1012,Hospital_Pharma_J,Regional_Warehouse_E,13.5,2.77
SHP-1013,Central_Hub_A,Regional_Warehouse_C,2.0,2.87
SHP-1014,Retail_Store_G,Retail_Store_F,2.0,0.82
SHP-1015,Regional_Warehouse_E,Regional_Warehouse_C,8.6,9.48
SHP-1016,Regional_Warehouse_D,Retail_Store_F,5.9,3.69
SHP-1017,Central_Hub_B,Hospital_Pharma_J,13.9,1.84
SHP-1018,Retail_Store_G,Central_Hub_B,6.6,3.2
SHP-1019,Retail_Store_F,Hospital_Pharma_J,3.5,7.87
SHP-1020,Hospital_Pharma_J,Regional_Warehouse_E,20.8,3.56
SHP-1021,Central_Hub_A,Retail_Store_H,10.6,1.67
SHP-1022,Hospital_Pharma_I,Central_Hub_B,12.4,2.48
SHP-1023,Retail_Store_G,Central_Hub_B,3.5,3.29
SHP-1024,Hospital_Pharma_I,Regional_Warehouse_E,8.7,3.03
SHP-1025,Hospital_Pharma_J,Retail_Store_F,12.7,7.61
SHP-1026,Hospital_Pharma_J,Regional_Warehouse_D,5.1,6.06
SHP-1027,Central_Hub_B,Central_Hub_A,14.3,17.83
SHP-1028,Regional_Warehouse_D,Regional_Warehouse_E,8.4,5.43
SHP-1029,Central_Hub_B,Regional_Warehouse_D,10.2,3.97
SHP-1030,Central_Hub_B,Retail_Store_G,8.4,3.62
SHP-1031,Regional_Warehouse_E,Retail_Store_H,23.1,11.78
SHP-1032,Retail_Store_F,Regional_Warehouse_C,11.9,3.63
SHP-1033,Retail_Store_F,Hospital_Pharma_J,5.7,3.02
SHP-1034,Regional_Warehouse_D,Regional_Warehouse_E,16.9,3.09
SHP-1035,Central_Hub_B,Regional_Warehouse_C,4.7,4.77
SHP-1036,Hospital_Pharma_I,Regional_Warehouse_D,13.3,4.18
SHP-1037,Regional_Warehouse_C,Retail_Store_H,2.0,1.77
SHP-1038,Retail_Store_G,Regional_Warehouse_E,4.0,4.18
SHP-1039,Hospital_Pharma_I,Regional_Warehouse_D,13.2,7.22
SHP-1040,Retail_Store_F,Central_Hub_A,16.4,6.46
SHP-1041,Regional_Warehouse_D,Central_Hub_A,13.0,5.32
SHP-1042,Retail_Store_F,Retail_Store_G,11.3,4.3
SHP-1043,Regional_Warehouse_E,Central_Hub_B,10.2,4.57
SHP-1044,Regional_Warehouse_D,Retail_Store_F,3.1,5.38
SHP-1045,Regional_Warehouse_D,Retail_Store_H,7.7,1.39
SHP-1046,Retail_Store_G,Retail_Store_H,9.2,4.13
SHP-1047,Regional_Warehouse_C,Regional_Warehouse_E,18.3,5.42
SHP-1048,Regional_Warehouse_C,Regional_Warehouse_D,14.1,3.32
SHP-1049,Hospital_Pharma_I,Hospital_Pharma_J,2.0,4.24
SHP-1050,Regional_Warehouse_E,Retail_Store_G,13.9,3.31
SHP-1051,Hospital_Pharma_J,Retail_Store_G,9.7,5.55
SHP-1052,Retail_Store_F,Regional_Warehouse_D,7.9,4.6
SHP-1053,Regional_Warehouse_C,Hospital_Pharma_I,15.7,6.59
SHP-1054,Retail_Store_H,Central_Hub_B,18.2,0.77
SHP-1055,Central_Hub_A,Central_Hub_B,17.6,16.12
SHP-1056,Regional_Warehouse_C,Hospital_Pharma_J,7.0,14.49
SHP-1057,Retail_Store_G,Central_Hub_B,10.1,2.86
SHP-1058,Retail_Store_G,Hospital_Pharma_J,14.0,4.67
SHP-1059,Hospital_Pharma_J,Retail_Store_H,17.9,3.45
SHP-1060,Hospital_Pharma_I,Regional_Warehouse_E,9.1,6.66
SHP-1061,Hospital_Pharma_I,Central_Hub_A,10.9,6.85
SHP-1062,Central_Hub_B,Hospital_Pharma_I,5.4,3.28
SHP-1063,Regional_Warehouse_E,Retail_Store_F,4.8,5.53
SHP-1064,Central_Hub_B,Regional_Warehouse_E,16.9,4.19
SHP-1065,Retail_Store_G,Regional_Warehouse_C,20.1,5.41
SHP-1066,Retail_Store_H,Central_Hub_A,11.6,4.62
SHP-1067,Regional_Warehouse_E,Hospital_Pharma_I,18.0,6.36
SHP-1068,Regional_Warehouse_C,Hospital_Pharma_I,14.2,2.91
SHP-1069,Central_Hub_B,Regional_Warehouse_E,8.1,5.61
SHP-1070,Hospital_Pharma_I,Regional_Warehouse_D,14.2,4.42
SHP-1071,Regional_Warehouse_C,Retail_Store_F,21.2,3.2
SHP-1072,Regional_Warehouse_C,Hospital_Pharma_I,11.8,11.85
SHP-1073,Hospital_Pharma_I,Central_Hub_A,21.4,12.83
SHP-1074,Hospital_Pharma_J,Retail_Store_F,2.0,4.59
SHP-1075,Retail_Store_H,Central_Hub_A,16.9,6.29
SHP-1076,Central_Hub_B,Retail_Store_F,12.5,4.23
SHP-1077,Regional_Warehouse_E,Regional_Warehouse_D,10.2,3.34
SHP-1078,Central_Hub_A,Regional_Warehouse_D,12.6,11.38
SHP-1079,Hospital_Pharma_J,Central_Hub_B,2.0,11.54
SHP-1080,Central_Hub_B,Retail_Store_H,10.7,3.8
SHP-1081,Central_Hub_B,Hospital_Pharma_I,14.1,4.9
SHP-1082,Regional_Warehouse_C,Hospital_Pharma_J,20.9,3.44
SHP-1083,Retail_Store_H,Hospital_Pharma_I,8.9,2.12
SHP-1084,Regional_Warehouse_C,Regional_Warehouse_E,7.1,5.86
SHP-1085,Hospital_Pharma_I,Retail_Store_G,9.0,19.54
SHP-1086,Regional_Warehouse_D,Hospital_Pharma_I,17.5,3.91
SHP-1087,Regional_Warehouse_D,Regional_Warehouse_E,14.0,6.57
SHP-1088,Retail_Store_G,Retail_Store_F,8.8,3.28
SHP-1089,Retail_Store_H,Hospital_Pharma_I,15.1,4.87
SHP-1090,Retail_Store_H,Central_Hub_B,12.6,4.84
SHP-1091,Regional_Warehouse_D,Hospital_Pharma_J,17.8,8.27
SHP-1092,Central_Hub_B,Retail_Store_F,7.8,2.06
SHP-1093,Central_Hub_A,Hospital_Pharma_I,10.0,2.25
SHP-1094,Regional_Warehouse_D,Hospital_Pharma_J,9.6,4.78
SHP-1095,Central_Hub_A,Central_Hub_B,3.2,5.81
SHP-1096,Central_Hub_A,Regional_Warehouse_D,13.8,5.82
SHP-1097,Central_Hub_B,Central_Hub_A,13.6,2.03
SHP-1098,Retail_Store_F,Central_Hub_B,12.0,2.4
SHP-1099,Hospital_Pharma_I,Regional_Warehouse_D,10.6,5.45
SHP-1100,Regional_Warehouse_E,Retail_Store_H,3.5,3.01
SHP-1101,Regional_Warehouse_D,Hospital_Pharma_I,9.5,6.05
SHP-1102,Regional_Warehouse_C,Retail_Store_H,9.9,4.59
SHP-1103,Regional_Warehouse_D,Retail_Store_H,7.2,16.63
SHP-1104,Retail_Store_G,Regional_Warehouse_D,11.0,18.81
SHP-1105,Central_Hub_B,Hospital_Pharma_J,14.4,13.45
SHP-1106,Retail_Store_G,Retail_Store_F,23.3,3.48
SHP-1107,Retail_Store_G,Hospital_Pharma_J,13.0,3.45
SHP-1108,Retail_Store_H,Central_Hub_A,13.5,3.85
SHP-1109,Central_Hub_B,Central_Hub_A,11.6,1.95
SHP-1110,Retail_Store_G,Retail_Store_F,2.0,5.66
SHP-1111,Central_Hub_B,Regional_Warehouse_D,11.8,4.8
SHP-1112,Regional_Warehouse_D,Hospital_Pharma_J,12.4,4.73
SHP-1113,Hospital_Pharma_I,Retail_Store_H,26.8,4.49
SHP-1114,Regional_Warehouse_C,Retail_Store_G,10.8,14.39
SHP-1115,Regional_Warehouse_C,Regional_Warehouse_E,13.8,13.96
SHP-1116,Retail_Store_H,Regional_Warehouse_D,11.8,2.48
SHP-1117,Central_Hub_B,Retail_Store_H,5.0,5.2
SHP-1118,Hospital_Pharma_I,Central_Hub_B,18.9,3.74
SHP-1119,Central_Hub_A,Hospital_Pharma_I,16.5,4.58
SHP-1120,Central_Hub_A,Central_Hub_B,16.7,2.72
SHP-1121,Regional_Warehouse_D,Regional_Warehouse_C,6.5,5.98
SHP-1122,Retail_Store_G,Retail_Store_H,20.4,5.62
SHP-1123,Retail_Store_H,Regional_Warehouse_D,3.6,1.35
SHP-1124,Retail_Store_G,Central_Hub_A,15.5,2.43
SHP-1125,Regional_Warehouse_C,Retail_Store_G,25.1,3.27
SHP-1126,Central_Hub_A,Retail_Store_G,6.1,4.48
SHP-1127,Regional_Warehouse_E,Retail_Store_H,8.6,4.51
SHP-1128,Regional_Warehouse_E,Retail_Store_G,12.6,5.4
SHP-1129,Hospital_Pharma_I,Retail_Store_H,9.0,6.42
SHP-1130,Regional_Warehouse_C,Regional_Warehouse_D,2.7,2.94
SHP-1131,Regional_Warehouse_E,Regional_Warehouse_D,12.4,-0.05
SHP-1132,Central_Hub_A,Hospital_Pharma_I,5.6,4.02
SHP-1133,Central_Hub_A,Retail_Store_F,14.8,3.41
SHP-1134,Central_Hub_A,Hospital_Pharma_J,6.5,4.05
SHP-1135,Hospital_Pharma_J,Retail_Store_H,21.3,3.58
SHP-1136,Hospital_Pharma_I,Hospital_Pharma_J,7.3,2.99
SHP-1137,Regional_Warehouse_C,Central_Hub_A,10.1,2.05
SHP-1138,Hospital_Pharma_I,Central_Hub_B,16.9,20.24
SHP-1139,Regional_Warehouse_C,Central_Hub_B,4.6,2.16
SHP-1140,Hospital_Pharma_J,Central_Hub_B,13.4,14.1
SHP-1141,Regional_Warehouse_D,Retail_Store_G,19.8,2.54
SHP-1142,Central_Hub_B,Regional_Warehouse_D,2.4,2.34
SHP-1143,Hospital_Pharma_J,Central_Hub_A,13.1,1.87
SHP-1144,Hospital_Pharma_J,Central_Hub_B,13.6,3.66
SHP-1145,Retail_Store_G,Hospital_Pharma_I,16.7,4.92
SHP-1146,Retail_Store_F,Regional_Warehouse_E,4.6,6.91
SHP-1147,Regional_Warehouse_D,Retail_Store_F,4.1,5.45
SHP-1148,Regional_Warehouse_D,Regional_Warehouse_E,15.1,14.65
SHP-1149,Retail_Store_G,Regional_Warehouse_C,13.8,3.69
SHP-1150,Regional_Warehouse_E,Retail_Store_H,13.5,5.58
SHP-1151,Retail_Store_F,Central_Hub_B,14.1,17.08
SHP-1152,Central_Hub_A,Retail_Store_H,7.9,4.88
SHP-1153,Hospital_Pharma_J,Central_Hub_B,13.4,4.48
SHP-1154,Central_Hub_B,Hospital_Pharma_I,13.8,1.67
SHP-1155,Regional_Warehouse_D,Hospital_Pharma_I,7.7,2.13
SHP-1156,Regional_Warehouse_E,Regional_Warehouse_C,23.2,5.63
SHP-1157,Retail_Store_F,Central_Hub_B,14.8,4.19
SHP-1158,Regional_Warehouse_D,Retail_Store_F,4.9,6.83
SHP-1159,Regional_Warehouse_E,Regional_Warehouse_C,15.9,1.6
SHP-1160,Retail_Store_H,Hospital_Pharma_I,6.2,2.64
SHP-1161,Regional_Warehouse_E,Hospital_Pharma_I,16.7,3.17
SHP-1162,Central_Hub_A,Hospital_Pharma_I,19.0,4.08
SHP-1163,Regional_Warehouse_E,Central_Hub_B,7.1,3.3
SHP-1164,Regional_Warehouse_C,Regional_Warehouse_E,17.8,0.36
SHP-1165,Central_Hub_B,Hospital_Pharma_J,14.5,17.24
SHP-1166,Hospital_Pharma_I,Regional_Warehouse_C,16.9,16.04
SHP-1167,Regional_Warehouse_E,Hospital_Pharma_J,23.4,5.44
SHP-1168,Hospital_Pharma_J,Regional_Warehouse_D,10.5,22.1
SHP-1169,Retail_Store_F,Regional_Warehouse_D,7.5,5.16
SHP-1170,Regional_Warehouse_E,Hospital_Pharma_I,6.7,6.22
SHP-1171,Retail_Store_H,Regional_Warehouse_E,7.1,4.97
SHP-1172,Central_Hub_A,Central_Hub_B,11.5,2.74
SHP-1173,Retail_Store_G,Regional_Warehouse_E,14.0,12.75
SHP-1174,Central_Hub_A,Hospital_Pharma_J,13.7,6.87
SHP-1175,Retail_Store_F,Regional_Warehouse_C,17.0,7.26
SHP-1176,Regional_Warehouse_E,Regional_Warehouse_C,12.1,7.9
SHP-1177,Retail_Store_H,Hospital_Pharma_I,20.7,4.28
SHP-1178,Retail_Store_G,Hospital_Pharma_I,10.4,0.17
SHP-1179,Central_Hub_A,Central_Hub_B,28.3,5.1
SHP-1180,Central_Hub_B,Regional_Warehouse_C,15.8,4.74
SHP-1181,Hospital_Pharma_I,Central_Hub_A,6.9,14.93
SHP-1182,Retail_Store_F,Hospital_Pharma_I,5.6,21.39
SHP-1183,Regional_Warehouse_C,Retail_Store_G,14.9,4.64
SHP-1184,Regional_Warehouse_C,Central_Hub_A,10.7,2.62
SHP-1185,Regional_Warehouse_E,Retail_Store_F,16.3,5.66
SHP-1186,Central_Hub_A,Retail_Store_F,14.8,3.78
SHP-1187,Regional_Warehouse_D,Hospital_Pharma_J,11.6,2.0
SHP-1188,Central_Hub_B,Retail_Store_F,6.9,3.94
SHP-1189,Hospital_Pharma_I,Retail_Store_G,2.9,3.21
SHP-1190,Hospital_Pharma_J,Regional_Warehouse_C,9.3,2.16
SHP-1191,Regional_Warehouse_D,Regional_Warehouse_C,17.1,14.14
SHP-1192,Regional_Warehouse_C,Retail_Store_G,13.3,5.02
SHP-1193,Central_Hub_A,Regional_Warehouse_C,4.5,20.22
SHP-1194,Retail_Store_F,Retail_Store_G,13.0,16.41
SHP-1195,Regional_Warehouse_D,Regional_Warehouse_E,14.3,5.63
SHP-1196,Regional_Warehouse_C,Central_Hub_B,6.7,16.15
SHP-1197,Retail_Store_G,Central_Hub_A,12.9,5.39
SHP-1198,Retail_Store_H,Regional_Warehouse_D,12.3,3.95
SHP-1199,Regional_Warehouse_D,Retail_Store_H,5.1,3.03
SHP-1200,Retail_Store_F,Regional_Warehouse_E,14.1,4.45
SHP-1201,Regional_Warehouse_D,Hospital_Pharma_J,15.4,3.09
SHP-1202,Central_Hub_A,Regional_Warehouse_D,18.5,1.92
SHP-1203,Retail_Store_G,Retail_Store_F,18.3,7.08
SHP-1204,Regional_Warehouse_E,Central_Hub_B,3.7,5.08
SHP-1205,Regional_Warehouse_E,Retail_Store_F,6.4,20.5
SHP-1206,Hospital_Pharma_I,Retail_Store_G,15.1,8.68
SHP-1207,Hospital_Pharma_I,Retail_Store_F,15.1,3.69
SHP-1208,Central_Hub_A,Central_Hub_B,15.1,3.74
SHP-1209,Regional_Warehouse_E,Regional_Warehouse_C,35.1,11.91
SHP-1210,Hospital_Pharma_J,Regional_Warehouse_E,15.4,3.58
SHP-1211,Central_Hub_A,Central_Hub_B,18.8,2.82
SHP-1212,Hospital_Pharma_J,Retail_Store_G,17.7,3.76
SHP-1213,Retail_Store_F,Hospital_Pharma_J,15.9,4.29
SHP-1214,Retail_Store_G,Hospital_Pharma_I,10.1,2.44
SHP-1215,Central_Hub_B,Retail_Store_G,16.6,5.33
SHP-1216,Hospital_Pharma_J,Regional_Warehouse_D,7.4,4.63
SHP-1217,Regional_Warehouse_E,Central_Hub_A,10.6,4.46
SHP-1218,Retail_Store_G,Central_Hub_A,9.1,6.27
SHP-1219,Hospital_Pharma_I,Hospital_Pharma_J,12.5,15.31
SHP-1220,Regional_Warehouse_D,Retail_Store_F,25.9,15.67
SHP-1221,Retail_Store_G,Central_Hub_B,2.0,3.79
SHP-1222,Retail_Store_F,Hospital_Pharma_J,16.1,4.3
SHP-1223,Central_Hub_B,Regional_Warehouse_E,2.3,3.0
SHP-1224,Hospital_Pharma_I,Regional_Warehouse_E,9.2,4.77
SHP-1225,Retail_Store_G,Retail_Store_F,18.5,2.5
SHP-1226,Retail_Store_G,Regional_Warehouse_E,12.4,16.45
SHP-1227,Hospital_Pharma_I,Regional_Warehouse_C,5.5,4.89
SHP-1228,Regional_Warehouse_D,Retail_Store_G,7.7,16.15
SHP-1229,Retail_Store_G,Regional_Warehouse_C,16.1,2.87
SHP-1230,Hospital_Pharma_J,Regional_Warehouse_E,7.6,4.29
SHP-1231,Retail_Store_G,Hospital_Pharma_I,13.3,7.38
SHP-1232,Central_Hub_A,Regional_Warehouse_E,12.3,4.21
SHP-1233,Regional_Warehouse_E,Regional_Warehouse_D,8.1,1.01
SHP-1234,Retail_Store_G,Retail_Store_F,24.9,15.78
SHP-1235,Retail_Store_H,Hospital_Pharma_J,15.8,12.02
SHP-1236,Retail_Store_H,Regional_Warehouse_D,2.0,3.61
SHP-1237,Hospital_Pharma_I,Retail_Store_H,13.1,6.51
SHP-1238,Regional_Warehouse_C,Central_Hub_B,8.0,3.34
SHP-1239,Regional_Warehouse_E,Hospital_Pharma_I,17.1,2.73
SHP-1240,Hospital_Pharma_J,Retail_Store_F,7.2,3.73
SHP-1241,Central_Hub_B,Regional_Warehouse_D,11.3,4.48
SHP-1242,Regional_Warehouse_E,Regional_Warehouse_D,15.0,5.79
SHP-1243,Regional_Warehouse_D,Regional_Warehouse_C,17.2,1.2
SHP-1244,Central_Hub_A,Hospital_Pharma_J,4.8,1.87
SHP-1245,Regional_Warehouse_D,Retail_Store_H,10.0,2.9
SHP-1246,Hospital_Pharma_J,Central_Hub_B,9.2,2.32
SHP-1247,Retail_Store_H,Retail_Store_G,8.1,2.67
SHP-1248,Hospital_Pharma_J,Regional_Warehouse_D,22.6,4.66
SHP-1249,Retail_Store_G,Retail_Store_H,14.4,3.64
SHP-1250,Retail_Store_G,Regional_Warehouse_D,4.4,2.76
SHP-1251,Regional_Warehouse_C,Central_Hub_A,17.5,5.23
SHP-1252,Central_Hub_B,Retail_Store_G,24.7,2.92
SHP-1253,Regional_Warehouse_D,Regional_Warehouse_C,18.2,4.64
SHP-1254,Hospital_Pharma_I,Retail_Store_H,2.9,16.73
SHP-1255,Central_Hub_A,Hospital_Pharma_I,9.1,5.11
SHP-1256,Regional_Warehouse_D,Central_Hub_B,19.6,4.09
SHP-1257,Retail_Store_H,Regional_Warehouse_C,7.8,2.74
SHP-1258,Retail_Store_H,Hospital_Pharma_I,14.7,2.95
SHP-1259,Hospital_Pharma_I,Retail_Store_F,16.6,2.4
SHP-1260,Retail_Store_H,Hospital_Pharma_I,6.4,5.54
SHP-1261,Retail_Store_G,Hospital_Pharma_I,11.6,2.42
SHP-1262,Retail_Store_H,Regional_Warehouse_C,2.0,3.55
SHP-1263,Retail_Store_H,Hospital_Pharma_J,5.9,6.49
SHP-1264,Regional_Warehouse_E,Regional_Warehouse_D,10.5,4.64
SHP-1265,Regional_Warehouse_E,Hospital_Pharma_I,4.5,1.25
SHP-1266,Retail_Store_H,Regional_Warehouse_D,21.8,4.76
SHP-1267,Regional_Warehouse_E,Retail_Store_H,3.4,19.34
SHP-1268,Central_Hub_B,Regional_Warehouse_E,9.4,4.49
SHP-1269,Regional_Warehouse_D,Regional_Warehouse_E,12.8,6.24
SHP-1270,Retail_Store_F,Hospital_Pharma_J,20.6,17.03
SHP-1271,Hospital_Pharma_I,Central_Hub_B,3.4,2.9
SHP-1272,Regional_Warehouse_C,Hospital_Pharma_J,19.0,4.4
SHP-1273,Regional_Warehouse_D,Retail_Store_G,12.1,4.22
SHP-1274,Regional_Warehouse_C,Regional_Warehouse_D,6.1,3.01
SHP-1275,Central_Hub_B,Retail_Store_G,14.8,1.0
SHP-1276,Retail_Store_G,Retail_Store_F,13.2,3.1
SHP-1277,Hospital_Pharma_I,Retail_Store_H,8.4,3.93
SHP-1278,Retail_Store_G,Central_Hub_A,12.4,8.72
SHP-1279,Regional_Warehouse_D,Retail_Store_G,9.7,18.24
SHP-1280,Retail_Store_G,Central_Hub_A,12.7,2.75
SHP-1281,Hospital_Pharma_J,Retail_Store_G,16.0,3.85
SHP-1282,Retail_Store_H,Central_Hub_A,21.5,6.34
SHP-1283,Retail_Store_F,Regional_Warehouse_E,4.6,5.75
SHP-1284,Retail_Store_G,Hospital_Pharma_J,24.8,4.59
SHP-1285,Hospital_Pharma_I,Hospital_Pharma_J,2.0,16.7
SHP-1286,Hospital_Pharma_J,Regional_Warehouse_D,11.1,4.68
SHP-1287,Retail_Store_H,Regional_Warehouse_D,15.5,3.64
SHP-1288,Regional_Warehouse_E,Retail_Store_G,13.7,-0.27
SHP-1289,Retail_Store_H,Central_Hub_A,8.3,5.46
SHP-1290,Retail_Store_G,Retail_Store_F,10.8,4.81
SHP-1291,Retail_Store_G,Regional_Warehouse_C,9.0,5.92
SHP-1292,Retail_Store_H,Regional_Warehouse_C,8.5,18.12
SHP-1293,Hospital_Pharma_J,Hospital_Pharma_I,17.1,4.92
SHP-1294,Central_Hub_A,Retail_Store_G,14.1,2.61
SHP-1295,Hospital_Pharma_J,Central_Hub_A,7.8,2.54
SHP-1296,Central_Hub_B,Retail_Store_G,17.4,4.4
SHP-1297,Regional_Warehouse_C,Retail_Store_H,13.8,17.99
SHP-1298,Regional_Warehouse_C,Central_Hub_A,16.9,15.89
SHP-1299,Regional_Warehouse_E,Retail_Store_G,15.8,4.53
SHP-1300,Retail_Store_F,Regional_Warehouse_D,7.0,5.11
SHP-1301,Retail_Store_H,Retail_Store_F,8.6,3.07
SHP-1302,Retail_Store_F,Retail_Store_G,16.5,4.45
SHP-1303,Regional_Warehouse_E,Retail_Store_G,15.7,4.55
SHP-1304,Regional_Warehouse_E,Central_Hub_B,11.9,1.98
SHP-1305,Retail_Store_H,Central_Hub_A,12.7,5.76
SHP-1306,Hospital_Pharma_I,Central_Hub_A,19.7,3.97
SHP-1307,Retail_Store_F,Regional_Warehouse_D,8.5,16.51
SHP-1308,Central_Hub_B,Central_Hub_A,15.3,10.43
SHP-1309,Central_Hub_A,Regional_Warehouse_D,10.8,7.79
SHP-1310,Regional_Warehouse_D,Central_Hub_A,10.7,12.38
SHP-1311,Hospital_Pharma_J,Regional_Warehouse_C,18.6,14.87
SHP-1312,Regional_Warehouse_D,Regional_Warehouse_C,17.0,17.49
SHP-1313,Retail_Store_H,Central_Hub_B,16.9,19.5
SHP-1314,Hospital_Pharma_J,Regional_Warehouse_D,19.8,3.96
SHP-1315,Retail_Store_H,Regional_Warehouse_E,12.1,3.47
SHP-1316,Retail_Store_F,Regional_Warehouse_C,16.1,4.12
SHP-1317,Hospital_Pharma_J,Central_Hub_B,10.1,5.05
SHP-1318,Regional_Warehouse_C,Regional_Warehouse_E,13.9,5.4
SHP-1319,Central_Hub_B,Central_Hub_A,11.2,4.03
SHP-1320,Regional_Warehouse_E,Retail_Store_G,12.6,2.98
SHP-1321,Retail_Store_G,Regional_Warehouse_D,15.6,12.42
SHP-1322,Central_Hub_B,Regional_Warehouse_D,7.1,5.31
SHP-1323,Central_Hub_B,Regional_Warehouse_E,24.6,4.27
SHP-1324,Hospital_Pharma_J,Central_Hub_B,6.0,3.39
SHP-1325,Hospital_Pharma_J,Central_Hub_A,4.7,6.5
SHP-1326,Retail_Store_F,Hospital_Pharma_I,18.9,18.17
SHP-1327,Retail_Store_G,Retail_Store_F,16.7,5.22
SHP-1328,Central_Hub_B,Hospital_Pharma_I,15.7,5.15
SHP-1329,Retail_Store_F,Central_Hub_A,15.8,19.13
SHP-1330,Retail_Store_G,Retail_Store_H,11.9,5.34
SHP-1331,Central_Hub_B,Retail_Store_G,6.6,3.78
SHP-1332,Retail_Store_F,Retail_Store_H,12.5,2.5
SHP-1333,Regional_Warehouse_C,Retail_Store_G,7.9,13.52
SHP-1334,Regional_Warehouse_C,Hospital_Pharma_I,17.9,5.39
SHP-1335,Regional_Warehouse_E,Hospital_Pharma_I,11.1,2.51
SHP-1336,Retail_Store_H,Hospital_Pharma_J,7.0,5.1
SHP-1337,Retail_Store_G,Regional_Warehouse_E,10.1,1.84
SHP-1338,Retail_Store_F,Regional_Warehouse_D,14.5,3.61
SHP-1339,Central_Hub_B,Regional_Warehouse_E,8.6,-0.38
SHP-1340,Retail_Store_H,Regional_Warehouse_D,7.1,5.28
SHP-1341,Retail_Store_H,Retail_Store_G,13.5,4.81
SHP-1342,Retail_Store_F,Central_Hub_A,13.5,5.36
SHP-1343,Retail_Store_H,Retail_Store_F,9.0,3.72
SHP-1344,Regional_Warehouse_C,Retail_Store_H,9.2,6.44
SHP-1345,Regional_Warehouse_D,Retail_Store_F,13.4,6.39
SHP-1346,Regional_Warehouse_E,Retail_Store_F,3.3,3.49
SHP-1347,Regional_Warehouse_E,Hospital_Pharma_J,3.6,2.29
SHP-1348,Hospital_Pharma_I,Central_Hub_A,7.7,13.66
SHP-1349,Hospital_Pharma_I,Regional_Warehouse_D,10.7,13.93
SHP-1350,Central_Hub_B,Regional_Warehouse_D,13.9,4.97
SHP-1351,Retail_Store_G,Retail_Store_H,20.9,4.18
SHP-1352,Hospital_Pharma_I,Regional_Warehouse_D,17.1,13.14
SHP-1353,Retail_Store_H,Hospital_Pharma_J,11.0,5.98
SHP-1354,Retail_Store_H,Central_Hub_A,11.9,2.88
SHP-1355,Central_Hub_B,Regional_Warehouse_E,6.0,17.22
SHP-1356,Regional_Warehouse_D,Retail_Store_G,11.9,3.67
SHP-1357,Regional_Warehouse_D,Regional_Warehouse_E,10.3,5.85
SHP-1358,Hospital_Pharma_J,Retail_Store_F,13.9,2.34
SHP-1359,Retail_Store_H,Hospital_Pharma_I,7.0,10.06
SHP-1360,Hospital_Pharma_I,Retail_Store_F,15.1,3.36
SHP-1361,Retail_Store_G,Hospital_Pharma_I,21.2,5.62
SHP-1362,Retail_Store_F,Hospital_Pharma_J,11.3,3.45
SHP-1363,Retail_Store_H,Regional_Warehouse_E,14.4,2.87
SHP-1364,Regional_Warehouse_E,Hospital_Pharma_J,16.1,2.76
SHP-1365,Regional_Warehouse_D,Central_Hub_B,9.6,4.26
SHP-1366,Regional_Warehouse_D,Retail_Store_F,13.3,8.66
SHP-1367,Central_Hub_B,Hospital_Pharma_I,12.1,2.56
SHP-1368,Regional_Warehouse_C,Regional_Warehouse_D,12.6,5.06
SHP-1369,Regional_Warehouse_D,Retail_Store_H,7.4,6.01
SHP-1370,Regional_Warehouse_E,Hospital_Pharma_I,12.1,2.0
SHP-1371,Hospital_Pharma_J,Regional_Warehouse_E,15.0,25.0
SHP-1372,Central_Hub_B,Regional_Warehouse_D,20.7,6.81
SHP-1373,Regional_Warehouse_E,Regional_Warehouse_D,17.8,3.75
SHP-1374,Retail_Store_F,Regional_Warehouse_C,24.9,5.83
SHP-1375,Regional_Warehouse_E,Central_Hub_A,7.4,3.26
SHP-1376,Hospital_Pharma_I,Regional_Warehouse_C,17.2,3.09
SHP-1377,Regional_Warehouse_E,Central_Hub_A,13.1,5.72
SHP-1378,Central_Hub_A,Hospital_Pharma_I,25.1,11.11
SHP-1379,Regional_Warehouse_E,Regional_Warehouse_C,7.2,2.21
SHP-1380,Retail_Store_H,Central_Hub_B,7.0,4.93
SHP-1381,Central_Hub_A,Regional_Warehouse_E,8.4,3.99
SHP-1382,Retail_Store_H,Hospital_Pharma_J,2.0,4.26
SHP-1383,Retail_Store_H,Retail_Store_F,8.8,4.11
SHP-1384,Regional_Warehouse_C,Central_Hub_A,7.4,4.52
SHP-1385,Regional_Warehouse_E,Retail_Store_H,12.9,4.65
SHP-1386,Central_Hub_B,Hospital_Pharma_J,14.1,4.12
SHP-1387,Retail_Store_G,Retail_Store_H,23.3,20.58
SHP-1388,Central_Hub_B,Central_Hub_A,17.7,4.5
SHP-1389,Regional_Warehouse_C,Hospital_Pharma_J,8.5,13.52
SHP-1390,Hospital_Pharma_J,Regional_Warehouse_E,6.6,3.5
SHP-1391,Central_Hub_B,Regional_Warehouse_D,15.0,2.28
SHP-1392,Central_Hub_B,Hospital_Pharma_I,4.1,6.08
SHP-1393,Retail_Store_G,Regional_Warehouse_D,23.0,6.06
SHP-1394,Hospital_Pharma_I,Retail_Store_G,19.1,6.1
SHP-1395,Retail_Store_H,Hospital_Pharma_J,9.2,15.03
SHP-1396,Regional_Warehouse_E,Retail_Store_G,2.0,4.27
SHP-1397,Regional_Warehouse_E,Central_Hub_A,20.1,13.1
SHP-1398,Hospital_Pharma_J,Central_Hub_B,11.3,3.88
SHP-1399,Regional_Warehouse_D,Hospital_Pharma_J,19.4,4.19
SHP-1400,Regional_Warehouse_E,Central_Hub_B,2.4,4.48
SHP-1401,Regional_Warehouse_C,Regional_Warehouse_D,8.4,12.63
SHP-1402,Regional_Warehouse_C,Hospital_Pharma_I,12.0,7.24
SHP-1403,Central_Hub_B,Regional_Warehouse_C,12.3,3.48
SHP-1404,Central_Hub_A,Retail_Store_G,9.3,7.74
SHP-1405,Retail_Store_H,Hospital_Pharma_J,15.7,3.06
SHP-1406,Regional_Warehouse_E,Central_Hub_A,5.6,2.99
SHP-1407,Regional_Warehouse_D,Regional_Warehouse_E,11.1,4.16
SHP-1408,Regional_Warehouse_E,Retail_Store_H,12.7,14.79
SHP-1409,Central_Hub_B,Regional_Warehouse_D,15.1,7.09
SHP-1410,Regional_Warehouse_E,Regional_Warehouse_D,16.3,3.82
SHP-1411,Retail_Store_G,Central_Hub_B,5.3,14.0
SHP-1412,Hospital_Pharma_I,Regional_Warehouse_D,2.8,22.6
SHP-1413,Regional_Warehouse_C,Regional_Warehouse_E,19.7,18.81
SHP-1414,Regional_Warehouse_C,Central_Hub_B,14.0,3.04
SHP-1415,Central_Hub_A,Regional_Warehouse_C,7.5,3.63
SHP-1416,Regional_Warehouse_E,Hospital_Pharma_J,21.3,1.64
SHP-1417,Retail_Store_H,Central_Hub_B,12.7,5.84
SHP-1418,Retail_Store_H,Regional_Warehouse_E,19.1,6.76
SHP-1419,Retail_Store_G,Regional_Warehouse_E,12.4,3.82
SHP-1420,Hospital_Pharma_I,Hospital_Pharma_J,24.4,3.94
SHP-1421,Retail_Store_H,Hospital_Pharma_J,22.5,4.61
SHP-1422,Central_Hub_B,Central_Hub_A,10.5,5.57
SHP-1423,Retail_Store_G,Retail_Store_F,17.8,4.17
SHP-1424,Hospital_Pharma_J,Regional_Warehouse_E,15.9,4.7
SHP-1425,Central_Hub_A,Central_Hub_B,20.2,14.76
SHP-1426,Regional_Warehouse_D,Central_Hub_A,6.2,1.5
SHP-1427,Regional_Warehouse_E,Central_Hub_A,16.1,3.36
SHP-1428,Regional_Warehouse_C,Retail_Store_H,18.4,1.05
SHP-1429,Hospital_Pharma_I,Retail_Store_H,2.0,1.25
SHP-1430,Regional_Warehouse_E,Regional_Warehouse_C,4.9,5.66
SHP-1431,Hospital_Pharma_J,Retail_Store_G,2.0,4.45
SHP-1432,Retail_Store_H,Central_Hub_B,10.4,13.25
SHP-1433,Retail_Store_H,Retail_Store_F,16.3,5.01
SHP-1434,Retail_Store_G,Retail_Store_F,21.0,4.71
SHP-1435,Retail_Store_F,Central_Hub_B,12.4,2.92
SHP-1436,Regional_Warehouse_C,Retail_Store_F,21.8,7.8
SHP-1437,Retail_Store_G,Retail_Store_H,3.7,4.3
SHP-1438,Regional_Warehouse_E,Retail_Store_G,2.0,2.89
SHP-1439,Hospital_Pharma_I,Central_Hub_A,11.7,3.61
SHP-1440,Retail_Store_H,Central_Hub_B,14.3,1.58
SHP-1441,Retail_Store_F,Regional_Warehouse_E,11.8,4.98
SHP-1442,Retail_Store_F,Central_Hub_B,2.0,3.09
SHP-1443,Retail_Store_G,Hospital_Pharma_I,11.5,3.27
SHP-1444,Central_Hub_A,Hospital_Pharma_I,4.2,2.52
SHP-1445,Retail_Store_H,Retail_Store_G,16.0,4.06
SHP-1446,Central_Hub_A,Regional_Warehouse_D,14.2,3.75
SHP-1447,Hospital_Pharma_I,Retail_Store_F,6.4,5.99
SHP-1448,Hospital_Pharma_J,Retail_Store_H,8.9,3.66
SHP-1449,Retail_Store_H,Central_Hub_A,5.6,3.52
SHP-1450,Regional_Warehouse_D,Regional_Warehouse_E,11.6,2.67
SHP-1451,Hospital_Pharma_I,Regional_Warehouse_C,17.7,2.55
SHP-1452,Regional_Warehouse_E,Retail_Store_H,6.1,17.0
SHP-1453,Retail_Store_H,Central_Hub_B,15.0,2.65
SHP-1454,Central_Hub_A,Regional_Warehouse_D,8.8,4.84
SHP-1455,Regional_Warehouse_C,Regional_Warehouse_E,7.2,14.89
SHP-1456,Hospital_Pharma_I,Central_Hub_A,11.4,18.59
SHP-1457,Hospital_Pharma_I,Retail_Store_G,5.8,6.12
SHP-1458,Central_Hub_B,Regional_Warehouse_D,8.7,4.34
SHP-1459,Central_Hub_B,Retail_Store_H,4.8,4.85
SHP-1460,Central_Hub_B,Regional_Warehouse_C,23.8,4.76
SHP-1461,Retail_Store_H,Regional_Warehouse_E,12.2,1.8
SHP-1462,Hospital_Pharma_I,Regional_Warehouse_E,7.8,3.56
SHP-1463,Retail_Store_G,Retail_Store_H,13.3,14.17
SHP-1464,Retail_Store_H,Regional_Warehouse_D,11.3,4.21
SHP-1465,Retail_Store_H,Hospital_Pharma_I,10.7,4.0
SHP-1466,Regional_Warehouse_C,Retail_Store_G,15.7,2.52
SHP-1467,Regional_Warehouse_D,Hospital_Pharma_I,16.5,3.09
SHP-1468,Regional_Warehouse_C,Central_Hub_B,8.8,8.35
SHP-1469,Regional_Warehouse_E,Retail_Store_G,8.5,2.96
SHP-1470,Retail_Store_F,Hospital_Pharma_I,10.3,2.4
SHP-1471,Regional_Warehouse_E,Central_Hub_A,2.0,4.57
SHP-1472,Regional_Warehouse_E,Hospital_Pharma_J,2.9,5.48
SHP-1473,Hospital_Pharma_J,Retail_Store_H,20.2,7.13
SHP-1474,Regional_Warehouse_C,Retail_Store_H,21.9,2.42
SHP-1475,Hospital_Pharma_I,Retail_Store_H,10.5,4.85
SHP-1476,Retail_Store_F,Hospital_Pharma_J,15.5,14.47
SHP-1477,Hospital_Pharma_I,Hospital_Pharma_J,13.9,4.92
SHP-1478,Retail_Store_G,Retail_Store_H,30.5,4.48
SHP-1479,Retail_Store_F,Regional_Warehouse_D,18.7,4.32
SHP-1480,Regional_Warehouse_D,Retail_Store_G,11.2,2.96
SHP-1481,Regional_Warehouse_D,Retail_Store_G,6.3,4.77
SHP-1482,Central_Hub_A,Retail_Store_F,2.4,4.35
SHP-1483,Retail_Store_H,Retail_Store_G,13.2,1.74
SHP-1484,Retail_Store_G,Regional_Warehouse_C,7.5,4.89
SHP-1485,Retail_Store_H,Central_Hub_A,3.5,3.54
SHP-1486,Regional_Warehouse_C,Hospital_Pharma_I,8.1,3.45
SHP-1487,Hospital_Pharma_J,Retail_Store_F,5.5,4.56
SHP-1488,Central_Hub_B,Retail_Store_H,22.1,2.24
SHP-1489,Central_Hub_B,Hospital_Pharma_I,17.3,3.3
SHP-1490,Retail_Store_H,Central_Hub_A,12.0,5.79
SHP-1491,Regional_Warehouse_C,Retail_Store_G,20.9,4.29
SHP-1492,Regional_Warehouse_C,Central_Hub_B,12.5,16.77
SHP-1493,Retail_Store_H,Regional_Warehouse_E,6.8,3.36
SHP-1494,Retail_Store_F,Retail_Store_G,21.1,4.27
SHP-1495,Central_Hub_B,Retail_Store_F,15.2,4.11
SHP-1496,Hospital_Pharma_I,Retail_Store_G,5.8,5.29
SHP-1497,Retail_Store_F,Retail_Store_H,10.9,6.28
SHP-1498,Hospital_Pharma_I,Central_Hub_A,6.7,14.78
SHP-1499,Hospital_Pharma_J,Central_Hub_B,3.7,3.89
SHP-1500,Regional_Warehouse_D,Regional_Warehouse_E,17.6,3.03
SHP-1501,Regional_Warehouse_D,Central_Hub_B,23.5,5.89
SHP-1502,Retail_Store_G,Central_Hub_B,3.6,3.2
SHP-1503,Central_Hub_B,Retail_Store_H,15.4,7.21
SHP-1504,Regional_Warehouse_C,Regional_Warehouse_E,8.1,3.82
SHP-1505,Central_Hub_A,Hospital_Pharma_J,9.1,3.44
SHP-1506,Retail_Store_F,Central_Hub_A,8.4,1.53
SHP-1507,Regional_Warehouse_E,Retail_Store_F,6.8,4.83
SHP-1508,Retail_Store_F,Retail_Store_G,12.3,3.21
SHP-1509,Regional_Warehouse_C,Regional_Warehouse_D,7.0,5.57
SHP-1510,Hospital_Pharma_I,Retail_Store_G,13.6,5.06
SHP-1511,Hospital_Pharma_J,Regional_Warehouse_C,11.7,3.54
SHP-1512,Regional_Warehouse_C,Hospital_Pharma_J,10.6,3.96
SHP-1513,Central_Hub_B,Retail_Store_G,6.6,3.8
SHP-1514,Hospital_Pharma_J,Regional_Warehouse_D,8.5,5.64
SHP-1515,Retail_Store_H,Regional_Warehouse_C,16.5,2.82
SHP-1516,Regional_Warehouse_D,Retail_Store_H,15.0,3.74
SHP-1517,Regional_Warehouse_E,Retail_Store_H,6.1,4.28
SHP-1518,Regional_Warehouse_E,Central_Hub_A,12.6,4.33
SHP-1519,Retail_Store_H,Regional_Warehouse_E,16.5,2.36
SHP-1520,Hospital_Pharma_I,Regional_Warehouse_C,2.0,2.6
SHP-1521,Central_Hub_B,Retail_Store_H,15.3,2.22
SHP-1522,Retail_Store_F,Regional_Warehouse_E,8.0,2.87
SHP-1523,Retail_Store_G,Regional_Warehouse_E,15.4,5.8
SHP-1524,Retail_Store_H,Regional_Warehouse_E,7.4,7.12
SHP-1525,Regional_Warehouse_D,Retail_Store_G,2.0,4.63
SHP-1526,Retail_Store_H,Central_Hub_B,2.2,2.16
SHP-1527,Regional_Warehouse_D,Retail_Store_G,12.3,5.49
SHP-1528,Hospital_Pharma_J,Retail_Store_F,13.6,2.5
SHP-1529,Hospital_Pharma_J,Regional_Warehouse_E,6.6,3.88
SHP-1530,Regional_Warehouse_E,Central_Hub_A,15.8,12.4
SHP-1531,Retail_Store_G,Regional_Warehouse_E,2.0,3.35
SHP-1532,Central_Hub_A,Hospital_Pharma_J,11.6,3.06
SHP-1533,Hospital_Pharma_J,Retail_Store_H,4.7,16.08
SHP-1534,Regional_Warehouse_E,Regional_Warehouse_D,8.1,3.77
SHP-1535,Hospital_Pharma_J,Retail_Store_F,12.3,5.37
SHP-1536,Regional_Warehouse_D,Hospital_Pharma_J,6.8,2.19
SHP-1537,Hospital_Pharma_J,Regional_Warehouse_E,9.7,4.03
SHP-1538,Regional_Warehouse_C,Central_Hub_B,18.0,5.78
SHP-1539,Central_Hub_A,Regional_Warehouse_E,8.5,12.32
SHP-1540,Retail_Store_H,Central_Hub_A,17.0,3.1
SHP-1541,Hospital_Pharma_J,Retail_Store_F,5.2,5.66
SHP-1542,Regional_Warehouse_C,Central_Hub_B,15.2,6.53
SHP-1543,Regional_Warehouse_E,Retail_Store_F,20.6,4.02
SHP-1544,Retail_Store_G,Regional_Warehouse_C,2.0,1.88
SHP-1545,Regional_Warehouse_D,Regional_Warehouse_C,7.2,5.37
SHP-1546,Hospital_Pharma_I,Retail_Store_F,15.5,4.75
SHP-1547,Hospital_Pharma_I,Hospital_Pharma_J,10.8,5.76
SHP-1548,Regional_Warehouse_E,Regional_Warehouse_C,14.2,4.74
SHP-1549,Regional_Warehouse_E,Retail_Store_H,8.4,4.73
SHP-1550,Regional_Warehouse_E,Retail_Store_F,12.5,3.48
SHP-1551,Central_Hub_B,Retail_Store_H,11.1,3.89
SHP-1552,Central_Hub_B,Regional_Warehouse_C,19.0,4.55
SHP-1553,Regional_Warehouse_D,Retail_Store_G,13.5,4.18
SHP-1554,Hospital_Pharma_I,Retail_Store_F,14.0,4.11
SHP-1555,Central_Hub_B,Retail_Store_G,9.5,1.78
SHP-1556,Central_Hub_A,Regional_Warehouse_E,9.1,5.08
SHP-1557,Hospital_Pharma_I,Central_Hub_B,9.4,2.59
SHP-1558,Retail_Store_H,Retail_Store_F,14.4,3.9
SHP-1559,Regional_Warehouse_E,Retail_Store_G,9.5,5.54
SHP-1560,Retail_Store_F,Central_Hub_B,13.7,4.7
SHP-1561,Regional_Warehouse_D,Retail_Store_H,24.5,0.46
SHP-1562,Central_Hub_A,Hospital_Pharma_I,17.2,23.3
SHP-1563,Retail_Store_F,Regional_Warehouse_D,10.0,4.25
SHP-1564,Central_Hub_B,Retail_Store_H,19.2,22.83
SHP-1565,Regional_Warehouse_E,Retail_Store_G,9.6,8.95
SHP-1566,Central_Hub_B,Regional_Warehouse_C,2.0,16.14
SHP-1567,Central_Hub_A,Hospital_Pharma_J,6.0,1.95
SHP-1568,Regional_Warehouse_E,Retail_Store_H,2.0,6.46
SHP-1569,Central_Hub_B,Hospital_Pharma_J,9.9,5.26
SHP-1570,Regional_Warehouse_D,Hospital_Pharma_I,12.1,6.46
SHP-1571,Regional_Warehouse_C,Retail_Store_G,22.1,3.24
SHP-1572,Retail_Store_H,Retail_Store_F,14.0,5.28
SHP-1573,Hospital_Pharma_I,Retail_Store_G,10.7,6.42
SHP-1574,Hospital_Pharma_J,Regional_Warehouse_C,17.0,5.84
SHP-1575,Retail_Store_G,Central_Hub_B,2.0,5.02
SHP-1576,Retail_Store_H,Retail_Store_G,13.4,3.71
SHP-1577,Regional_Warehouse_E,Central_Hub_A,16.6,4.45
SHP-1578,Retail_Store_F,Regional_Warehouse_D,3.1,10.08
SHP-1579,Retail_Store_H,Hospital_Pharma_J,18.9,5.43
SHP-1580,Regional_Warehouse_D,Retail_Store_F,14.0,10.58
SHP-1581,Central_Hub_B,Retail_Store_F,9.5,3.08
SHP-1582,Hospital_Pharma_I,Retail_Store_F,15.8,4.65
SHP-1583,Central_Hub_A,Retail_Store_G,25.6,12.62
SHP-1584,Regional_Warehouse_E,Regional_Warehouse_D,13.1,2.53
SHP-1585,Central_Hub_B,Retail_Store_H,13.5,4.34
SHP-1586,Central_Hub_B,Regional_Warehouse_D,9.2,7.08
SHP-1587,Hospital_Pharma_J,Central_Hub_A,6.9,6.31
SHP-1588,Central_Hub_A,Retail_Store_F,17.0,1.3
SHP-1589,Regional_Warehouse_D,Regional_Warehouse_C,6.9,4.63
SHP-1590,Hospital_Pharma_J,Regional_Warehouse_D,12.4,4.95
SHP-1591,Central_Hub_B,Hospital_Pharma_I,9.1,5.5
SHP-1592,Regional_Warehouse_D,Hospital_Pharma_J,14.9,8.01
SHP-1593,Regional_Warehouse_D,Retail_Store_F,14.0,4.1
SHP-1594,Regional_Warehouse_C,Central_Hub_A,18.2,4.05
SHP-1595,Regional_Warehouse_E,Regional_Warehouse_C,8.9,17.37
SHP-1596,Regional_Warehouse_C,Hospital_Pharma_I,10.4,3.03
SHP-1597,Regional_Warehouse_E,Regional_Warehouse_C,6.1,2.36
SHP-1598,Central_Hub_B,Central_Hub_A,9.3,17.79
SHP-1599,Regional_Warehouse_C,Central_Hub_A,14.3,6.45
SHP-1600,Retail_Store_F,Regional_Warehouse_D,16.5,2.64
SHP-1601,Hospital_Pharma_J,Retail_Store_F,6.5,23.93
SHP-1602,Central_Hub_A,Regional_Warehouse_C,17.2,4.04
SHP-1603,Regional_Warehouse_E,Central_Hub_A,20.1,17.19
SHP-1604,Regional_Warehouse_C,Retail_Store_G,14.5,3.96
SHP-1605,Hospital_Pharma_I,Central_Hub_B,23.3,3.52
SHP-1606,Central_Hub_B,Retail_Store_H,7.4,2.81
SHP-1607,Retail_Store_H,Retail_Store_F,4.5,3.73
SHP-1608,Hospital_Pharma_I,Central_Hub_B,2.0,3.18
SHP-1609,Retail_Store_H,Hospital_Pharma_I,21.0,4.9
SHP-1610,Regional_Warehouse_D,Central_Hub_A,15.9,5.83
SHP-1611,Hospital_Pharma_I,Regional_Warehouse_E,11.7,2.57
SHP-1612,Retail_Store_H,Central_Hub_A,13.7,5.74
SHP-1613,Central_Hub_A,Retail_Store_H,5.2,3.59
SHP-1614,Retail_Store_G,Hospital_Pharma_J,26.7,16.23
SHP-1615,Central_Hub_B,Retail_Store_H,12.8,2.78
SHP-1616,Retail_Store_H,Central_Hub_B,12.7,4.91
SHP-1617,Central_Hub_B,Retail_Store_F,16.4,5.72
SHP-1618,Hospital_Pharma_J,Regional_Warehouse_C,14.9,4.61
SHP-1619,Central_Hub_B,Regional_Warehouse_C,13.3,7.47
SHP-1620,Regional_Warehouse_E,Hospital_Pharma_I,7.3,6.07
SHP-1621,Retail_Store_F,Retail_Store_G,14.8,3.68
SHP-1622,Hospital_Pharma_J,Hospital_Pharma_I,23.3,4.42
SHP-1623,Regional_Warehouse_E,Retail_Store_H,20.1,0.25
SHP-1624,Hospital_Pharma_I,Retail_Store_G,21.6,5.72
SHP-1625,Central_Hub_B,Hospital_Pharma_J,8.9,14.94
SHP-1626,Hospital_Pharma_I,Regional_Warehouse_D,6.1,3.15
SHP-1627,Retail_Store_G,Retail_Store_H,11.2,10.64
SHP-1628,Regional_Warehouse_D,Retail_Store_G,12.3,6.78
SHP-1629,Retail_Store_F,Retail_Store_H,18.6,5.09
SHP-1630,Retail_Store_G,Hospital_Pharma_J,2.0,4.95
SHP-1631,Central_Hub_B,Retail_Store_F,21.2,3.52
SHP-1632,Retail_Store_G,Retail_Store_F,11.1,4.95
SHP-1633,Regional_Warehouse_E,Retail_Store_F,9.4,5.49
SHP-1634,Regional_Warehouse_C,Retail_Store_H,5.9,4.13
SHP-1635,Central_Hub_B,Hospital_Pharma_J,2.1,11.44
SHP-1636,Central_Hub_B,Hospital_Pharma_J,16.9,16.99
SHP-1637,Retail_Store_G,Central_Hub_B,12.4,7.09
SHP-1638,Retail_Store_F,Regional_Warehouse_C,4.3,1.97
SHP-1639,Hospital_Pharma_I,Central_Hub_A,4.2,11.76
SHP-1640,Hospital_Pharma_J,Hospital_Pharma_I,10.0,18.86
SHP-1641,Hospital_Pharma_I,Retail_Store_F,22.0,4.36
SHP-1642,Central_Hub_B,Retail_Store_G,10.4,4.29
SHP-1643,Retail_Store_F,Retail_Store_G,3.0,7.48
SHP-1644,Central_Hub_A,Regional_Warehouse_E,10.5,5.78
SHP-1645,Hospital_Pharma_J,Regional_Warehouse_E,10.4,17.9
SHP-1646,Retail_Store_F,Central_Hub_B,2.0,6.6
SHP-1647,Hospital_Pharma_J,Hospital_Pharma_I,11.7,5.61
SHP-1648,Regional_Warehouse_D,Regional_Warehouse_C,10.6,15.36
SHP-1649,Retail_Store_H,Regional_Warehouse_D,16.2,2.85
SHP-1650,Central_Hub_B,Retail_Store_F,23.1,7.91
SHP-1651,Hospital_Pharma_I,Retail_Store_F,18.8,3.98
SHP-1652,Central_Hub_B,Regional_Warehouse_E,10.4,2.49
SHP-1653,Hospital_Pharma_J,Regional_Warehouse_D,5.4,5.05
SHP-1654,Retail_Store_G,Hospital_Pharma_I,27.4,3.69
SHP-1655,Hospital_Pharma_J,Hospital_Pharma_I,12.4,5.01
SHP-1656,Central_Hub_A,Regional_Warehouse_E,12.1,5.47
SHP-1657,Central_Hub_A,Regional_Warehouse_C,11.9,6.24
SHP-1658,Regional_Warehouse_E,Hospital_Pharma_J,13.2,1.66
SHP-1659,Retail_Store_F,Hospital_Pharma_J,11.1,1.19
SHP-1660,Central_Hub_A,Regional_Warehouse_C,8.6,5.87
SHP-1661,Regional_Warehouse_C,Retail_Store_G,8.7,17.83
SHP-1662,Central_Hub_B,Regional_Warehouse_C,11.8,11.32
SHP-1663,Central_Hub_A,Central_Hub_B,8.7,3.88
SHP-1664,Hospital_Pharma_I,Regional_Warehouse_D,7.7,3.17
SHP-1665,Retail_Store_G,Hospital_Pharma_J,12.6,19.5
SHP-1666,Retail_Store_H,Retail_Store_F,10.5,5.74
SHP-1667,Regional_Warehouse_C,Retail_Store_F,21.0,4.28
SHP-1668,Regional_Warehouse_E,Retail_Store_F,2.0,5.27
SHP-1669,Hospital_Pharma_J,Central_Hub_B,18.5,3.79
SHP-1670,Central_Hub_A,Regional_Warehouse_C,19.5,3.83
SHP-1671,Regional_Warehouse_C,Central_Hub_A,2.0,3.42
SHP-1672,Central_Hub_B,Regional_Warehouse_E,9.9,3.0
SHP-1673,Retail_Store_H,Retail_Store_G,9.8,5.04
SHP-1674,Retail_Store_H,Hospital_Pharma_J,3.6,4.2
SHP-1675,Retail_Store_G,Regional_Warehouse_E,7.3,6.59
SHP-1676,Regional_Warehouse_D,Hospital_Pharma_I,5.3,4.65
SHP-1677,Central_Hub_B,Retail_Store_F,22.5,25.0
SHP-1678,Retail_Store_G,Central_Hub_B,17.6,4.87
SHP-1679,Regional_Warehouse_E,Retail_Store_H,19.6,4.34
SHP-1680,Hospital_Pharma_I,Regional_Warehouse_E,16.3,7.84
SHP-1681,Central_Hub_A,Regional_Warehouse_D,5.2,3.71
SHP-1682,Retail_Store_G,Central_Hub_A,8.9,5.19
SHP-1683,Central_Hub_A,Regional_Warehouse_D,14.9,3.27
SHP-1684,Regional_Warehouse_E,Regional_Warehouse_D,4.7,14.88
SHP-1685,Regional_Warehouse_C,Regional_Warehouse_E,16.3,4.59
SHP-1686,Regional_Warehouse_E,Retail_Store_F,10.6,15.43
SHP-1687,Central_Hub_B,Central_Hub_A,9.8,3.77
SHP-1688,Retail_Store_H,Retail_Store_G,16.3,4.5
SHP-1689,Regional_Warehouse_C,Hospital_Pharma_J,14.7,3.13
SHP-1690,Retail_Store_G,Hospital_Pharma_I,9.8,6.44
SHP-1691,Regional_Warehouse_D,Hospital_Pharma_I,19.0,2.41
SHP-1692,Hospital_Pharma_I,Retail_Store_F,5.5,14.57
SHP-1693,Central_Hub_B,Retail_Store_G,15.7,7.02
SHP-1694,Central_Hub_A,Retail_Store_G,15.6,12.17
SHP-1695,Central_Hub_A,Retail_Store_H,10.1,6.06
SHP-1696,Central_Hub_B,Retail_Store_F,14.0,3.82
SHP-1697,Hospital_Pharma_J,Retail_Store_G,4.5,10.23
SHP-1698,Hospital_Pharma_J,Retail_Store_G,17.5,18.68
SHP-1699,Retail_Store_G,Regional_Warehouse_E,10.9,2.29
SHP-1700,Central_Hub_B,Retail_Store_G,8.9,6.25
SHP-1701,Central_Hub_A,Retail_Store_F,18.3,21.93
SHP-1702,Regional_Warehouse_C,Retail_Store_H,7.8,13.11
SHP-1703,Retail_Store_F,Central_Hub_B,3.5,3.81
SHP-1704,Retail_Store_G,Central_Hub_B,2.7,3.62
SHP-1705,Regional_Warehouse_D,Retail_Store_G,15.6,14.33
SHP-1706,Hospital_Pharma_J,Retail_Store_G,4.3,1.71
SHP-1707,Hospital_Pharma_I,Central_Hub_B,22.5,1.61
SHP-1708,Retail_Store_G,Regional_Warehouse_E,2.0,8.79
SHP-1709,Retail_Store_F,Regional_Warehouse_D,22.2,4.68
SHP-1710,Retail_Store_F,Regional_Warehouse_C,13.3,19.76
SHP-1711,Central_Hub_B,Hospital_Pharma_I,11.4,5.34
SHP-1712,Central_Hub_B,Hospital_Pharma_I,8.7,17.06
SHP-1713,Hospital_Pharma_I,Regional_Warehouse_D,14.4,13.86
SHP-1714,Retail_Store_F,Hospital_Pharma_J,11.8,3.99
SHP-1715,Regional_Warehouse_C,Regional_Warehouse_D,18.6,3.72
SHP-1716,Central_Hub_B,Regional_Warehouse_C,12.7,6.3
SHP-1717,Regional_Warehouse_E,Regional_Warehouse_D,12.9,15.96
SHP-1718,Regional_Warehouse_C,Hospital_Pharma_J,9.8,5.13
SHP-1719,Central_Hub_B,Regional_Warehouse_C,11.7,4.04
SHP-1720,Retail_Store_H,Hospital_Pharma_J,13.8,5.38
SHP-1721,Hospital_Pharma_J,Retail_Store_H,2.0,3.78
SHP-1722,Hospital_Pharma_J,Retail_Store_F,3.9,3.72
SHP-1723,Retail_Store_F,Regional_Warehouse_C,16.5,19.4
SHP-1724,Retail_Store_H,Central_Hub_B,13.0,1.94
SHP-1725,Retail_Store_H,Hospital_Pharma_J,10.9,3.66
SHP-1726,Regional_Warehouse_E,Hospital_Pharma_J,12.1,3.35
SHP-1727,Hospital_Pharma_J,Central_Hub_A,14.1,13.07
SHP-1728,Retail_Store_F,Hospital_Pharma_I,8.8,16.79
SHP-1729,Central_Hub_B,Regional_Warehouse_E,7.3,4.64
SHP-1730,Retail_Store_H,Hospital_Pharma_J,13.2,2.46
SHP-1731,Central_Hub_A,Hospital_Pharma_J,6.1,3.17
SHP-1732,Retail_Store_F,Regional_Warehouse_E,14.4,4.6
SHP-1733,Central_Hub_B,Hospital_Pharma_J,2.0,5.95
SHP-1734,Hospital_Pharma_J,Hospital_Pharma_I,18.2,5.17
SHP-1735,Retail_Store_G,Retail_Store_H,14.8,1.58
SHP-1736,Hospital_Pharma_J,Hospital_Pharma_I,13.5,4.69
SHP-1737,Central_Hub_A,Retail_Store_H,17.9,4.68
SHP-1738,Hospital_Pharma_J,Regional_Warehouse_D,22.0,20.57
SHP-1739,Retail_Store_F,Retail_Store_H,18.1,13.36
SHP-1740,Hospital_Pharma_I,Regional_Warehouse_C,2.0,3.55
SHP-1741,Central_Hub_A,Retail_Store_H,4.3,18.88
SHP-1742,Central_Hub_B,Retail_Store_F,8.3,4.77
SHP-1743,Central_Hub_B,Hospital_Pharma_I,12.2,3.96
SHP-1744,Regional_Warehouse_C,Central_Hub_A,15.1,5.31
SHP-1745,Regional_Warehouse_D,Retail_Store_H,7.6,14.61
SHP-1746,Retail_Store_H,Hospital_Pharma_I,13.1,19.0
SHP-1747,Hospital_Pharma_I,Regional_Warehouse_C,7.5,2.8
SHP-1748,Retail_Store_F,Hospital_Pharma_J,8.3,3.79
SHP-1749,Regional_Warehouse_E,Retail_Store_G,3.6,3.13
SHP-1750,Retail_Store_G,Retail_Store_F,6.5,3.3
SHP-1751,Hospital_Pharma_J,Central_Hub_A,3.9,5.51
SHP-1752,Retail_Store_F,Central_Hub_B,6.1,4.3
SHP-1753,Retail_Store_F,Central_Hub_B,18.3,7.32
SHP-1754,Hospital_Pharma_I,Retail_Store_G,6.3,14.35
SHP-1755,Regional_Warehouse_E,Hospital_Pharma_J,27.8,5.56
SHP-1756,Hospital_Pharma_J,Regional_Warehouse_C,15.0,6.57
SHP-1757,Retail_Store_F,Central_Hub_B,13.1,3.52
SHP-1758,Hospital_Pharma_J,Regional_Warehouse_C,6.8,5.14
SHP-1759,Retail_Store_F,Regional_Warehouse_E,16.2,3.96
SHP-1760,Retail_Store_G,Regional_Warehouse_C,8.5,12.81
SHP-1761,Hospital_Pharma_J,Central_Hub_B,12.7,6.09
SHP-1762,Regional_Warehouse_E,Hospital_Pharma_I,27.4,3.02
SHP-1763,Retail_Store_G,Retail_Store_F,11.4,3.88
SHP-1764,Regional_Warehouse_C,Hospital_Pharma_I,18.9,14.21
SHP-1765,Central_Hub_B,Retail_Store_G,7.8,5.95
SHP-1766,Hospital_Pharma_I,Retail_Store_F,11.8,6.42
SHP-1767,Central_Hub_A,Retail_Store_F,22.6,2.16
SHP-1768,Regional_Warehouse_E,Regional_Warehouse_C,8.2,2.54
SHP-1769,Regional_Warehouse_D,Retail_Store_F,22.9,4.83
SHP-1770,Retail_Store_H,Regional_Warehouse_D,16.2,-0.34
SHP-1771,Regional_Warehouse_D,Regional_Warehouse_C,8.6,5.83
SHP-1772,Regional_Warehouse_C,Central_Hub_B,15.8,5.14
SHP-1773,Regional_Warehouse_E,Central_Hub_B,17.8,2.8
SHP-1774,Hospital_Pharma_I,Hospital_Pharma_J,15.7,5.04
SHP-1775,Hospital_Pharma_I,Central_Hub_A,2.6,12.52
SHP-1776,Retail_Store_F,Regional_Warehouse_C,7.6,3.94
SHP-1777,Hospital_Pharma_J,Retail_Store_G,10.5,20.05
SHP-1778,Regional_Warehouse_C,Hospital_Pharma_J,11.6,7.88
SHP-1779,Regional_Warehouse_C,Hospital_Pharma_J,15.7,4.39
SHP-1780,Retail_Store_H,Central_Hub_A,13.1,3.91
SHP-1781,Retail_Store_G,Retail_Store_F,4.0,6.21
SHP-1782,Regional_Warehouse_D,Retail_Store_H,14.3,15.39
SHP-1783,Hospital_Pharma_J,Regional_Warehouse_E,15.7,3.44
SHP-1784,Retail_Store_H,Regional_Warehouse_D,15.4,11.05
SHP-1785,Hospital_Pharma_I,Regional_Warehouse_D,18.5,10.89
SHP-1786,Regional_Warehouse_E,Retail_Store_H,17.0,5.25
SHP-1787,Regional_Warehouse_D,Retail_Store_F,14.8,12.55
SHP-1788,Hospital_Pharma_J,Retail_Store_H,11.6,0.11
SHP-1789,Retail_Store_H,Regional_Warehouse_E,2.0,3.46
SHP-1790,Retail_Store_G,Hospital_Pharma_I,14.6,6.41
SHP-1791,Hospital_Pharma_I,Retail_Store_G,13.2,1.36
SHP-1792,Regional_Warehouse_C,Regional_Warehouse_D,13.6,10.64
SHP-1793,Hospital_Pharma_J,Regional_Warehouse_C,4.3,6.39
SHP-1794,Regional_Warehouse_E,Central_Hub_A,5.5,1.04
SHP-1795,Retail_Store_H,Retail_Store_F,18.3,4.18
SHP-1796,Hospital_Pharma_I,Central_Hub_B,11.8,4.09
SHP-1797,Hospital_Pharma_I,Central_Hub_B,16.1,3.53
SHP-1798,Regional_Warehouse_E,Central_Hub_B,12.2,4.81
SHP-1799,Regional_Warehouse_C,Regional_Warehouse_E,12.2,10.71
SHP-1800,Retail_Store_H,Hospital_Pharma_I,17.6,5.21
SHP-1801,Regional_Warehouse_C,Retail_Store_G,8.9,18.79
SHP-1802,Central_Hub_B,Regional_Warehouse_D,12.6,4.28
SHP-1803,Retail_Store_H,Retail_Store_F,9.2,4.16
SHP-1804,Central_Hub_A,Retail_Store_G,9.4,4.17
SHP-1805,Central_Hub_A,Retail_Store_G,10.1,21.45
SHP-1806,Hospital_Pharma_I,Retail_Store_F,13.3,5.93
SHP-1807,Regional_Warehouse_D,Retail_Store_G,9.1,7.66
SHP-1808,Central_Hub_B,Retail_Store_F,19.5,2.19
SHP-1809,Regional_Warehouse_D,Central_Hub_A,6.6,5.78
SHP-1810,Retail_Store_F,Central_Hub_B,10.9,12.49
SHP-1811,Retail_Store_F,Regional_Warehouse_C,9.4,16.01
SHP-1812,Regional_Warehouse_C,Central_Hub_A,20.7,4.52
SHP-1813,Regional_Warehouse_E,Retail_Store_H,13.2,1.98
SHP-1814,Regional_Warehouse_C,Retail_Store_H,18.2,3.84
SHP-1815,Retail_Store_H,Central_Hub_A,3.1,6.62
SHP-1816,Central_Hub_B,Central_Hub_A,13.6,15.64
SHP-1817,Regional_Warehouse_E,Regional_Warehouse_D,17.3,4.85
SHP-1818,Regional_Warehouse_C,Hospital_Pharma_I,12.5,6.46
SHP-1819,Hospital_Pharma_J,Hospital_Pharma_I,18.4,4.07
SHP-1820,Retail_Store_G,Central_Hub_B,8.9,3.74
SHP-1821,Regional_Warehouse_E,Regional_Warehouse_D,20.5,5.98
SHP-1822,Regional_Warehouse_E,Central_Hub_B,25.8,7.01
SHP-1823,Central_Hub_A,Regional_Warehouse_D,9.8,3.74
SHP-1824,Retail_Store_G,Retail_Store_H,9.3,19.28
SHP-1825,Central_Hub_B,Hospital_Pharma_J,20.7,2.68
SHP-1826,Retail_Store_H,Hospital_Pharma_I,21.5,-0.31
SHP-1827,Central_Hub_A,Hospital_Pharma_I,8.9,2.87
SHP-1828,Hospital_Pharma_J,Regional_Warehouse_D,9.5,3.17
SHP-1829,Regional_Warehouse_C,Regional_Warehouse_E,10.3,15.37
SHP-1830,Retail_Store_G,Central_Hub_A,3.9,18.58
SHP-1831,Hospital_Pharma_J,Retail_Store_F,6.5,3.99
SHP-1832,Regional_Warehouse_D,Retail_Store_G,6.0,4.49
SHP-1833,Regional_Warehouse_C,Central_Hub_B,7.4,5.11
SHP-1834,Hospital_Pharma_I,Retail_Store_F,11.8,13.63
SHP-1835,Central_Hub_B,Hospital_Pharma_I,13.4,0.74
SHP-1836,Hospital_Pharma_I,Hospital_Pharma_J,21.3,2.57
SHP-1837,Hospital_Pharma_I,Hospital_Pharma_J,6.0,3.76
SHP-1838,Central_Hub_A,Retail_Store_G,17.9,4.46
SHP-1839,Retail_Store_H,Central_Hub_A,10.7,19.51
SHP-1840,Retail_Store_G,Retail_Store_F,11.7,4.12
SHP-1841,Regional_Warehouse_E,Central_Hub_A,16.0,3.66
SHP-1842,Retail_Store_F,Central_Hub_B,5.3,1.61
SHP-1843,Retail_Store_F,Regional_Warehouse_D,14.3,5.5
SHP-1844,Central_Hub_B,Retail_Store_F,13.0,14.22
SHP-1845,Regional_Warehouse_C,Central_Hub_A,15.0,2.79
SHP-1846,Retail_Store_F,Hospital_Pharma_I,13.7,2.6
SHP-1847,Retail_Store_F,Regional_Warehouse_C,26.7,14.58
SHP-1848,Retail_Store_H,Hospital_Pharma_J,8.2,2.87
SHP-1849,Regional_Warehouse_C,Hospital_Pharma_J,8.8,19.22
SHP-1850,Central_Hub_B,Retail_Store_H,8.3,4.55
SHP-1851,Central_Hub_A,Regional_Warehouse_E,8.7,20.64
SHP-1852,Regional_Warehouse_D,Central_Hub_A,8.2,4.42
SHP-1853,Regional_Warehouse_D,Central_Hub_A,19.1,10.22
SHP-1854,Retail_Store_F,Regional_Warehouse_E,20.5,2.98
SHP-1855,Hospital_Pharma_I,Retail_Store_G,8.6,2.43
SHP-1856,Hospital_Pharma_I,Retail_Store_H,7.0,4.81
SHP-1857,Regional_Warehouse_E,Central_Hub_A,14.8,4.88
SHP-1858,Regional_Warehouse_D,Regional_Warehouse_E,8.7,4.77
SHP-1859,Retail_Store_F,Central_Hub_A,15.8,3.0
SHP-1860,Retail_Store_F,Regional_Warehouse_E,13.2,4.83
SHP-1861,Central_Hub_B,Retail_Store_F,2.9,1.46
SHP-1862,Retail_Store_G,Hospital_Pharma_J,21.3,17.05
SHP-1863,Retail_Store_H,Retail_Store_G,22.8,3.55
SHP-1864,Retail_Store_F,Regional_Warehouse_C,8.3,14.16
SHP-1865,Retail_Store_H,Hospital_Pharma_J,9.7,19.69
SHP-1866,Retail_Store_F,Hospital_Pharma_I,13.7,1.66
SHP-1867,Regional_Warehouse_E,Central_Hub_B,14.0,6.55
SHP-1868,Retail_Store_G,Central_Hub_B,16.0,2.35
SHP-1869,Retail_Store_G,Regional_Warehouse_C,24.1,2.62
SHP-1870,Hospital_Pharma_I,Regional_Warehouse_E,10.9,5.78
SHP-1871,Retail_Store_F,Central_Hub_B,7.2,2.49
SHP-1872,Central_Hub_B,Retail_Store_F,3.7,3.36
SHP-1873,Regional_Warehouse_E,Hospital_Pharma_J,7.6,1.58
SHP-1874,Retail_Store_H,Retail_Store_G,11.8,3.03
SHP-1875,Regional_Warehouse_C,Retail_Store_H,22.8,4.87
SHP-1876,Retail_Store_F,Retail_Store_H,8.9,3.24
SHP-1877,Central_Hub_A,Retail_Store_F,13.3,2.97
SHP-1878,Hospital_Pharma_J,Retail_Store_G,11.9,15.93
SHP-1879,Regional_Warehouse_E,Central_Hub_A,19.1,4.1
SHP-1880,Central_Hub_B,Retail_Store_G,27.2,2.87
SHP-1881,Retail_Store_F,Hospital_Pharma_I,8.8,10.49
SHP-1882,Regional_Warehouse_C,Central_Hub_A,9.1,12.12
SHP-1883,Regional_Warehouse_C,Retail_Store_H,18.3,4.36
SHP-1884,Central_Hub_A,Regional_Warehouse_C,16.1,4.66
SHP-1885,Central_Hub_B,Regional_Warehouse_D,23.1,1.9
SHP-1886,Retail_Store_F,Hospital_Pharma_J,15.5,5.26
SHP-1887,Retail_Store_G,Central_Hub_A,9.8,16.87
SHP-1888,Hospital_Pharma_J,Regional_Warehouse_C,15.5,3.88
SHP-1889,Retail_Store_H,Retail_Store_F,18.7,1.81
SHP-1890,Retail_Store_F,Retail_Store_H,16.9,2.02
SHP-1891,Central_Hub_B,Regional_Warehouse_C,15.0,14.46
SHP-1892,Hospital_Pharma_I,Retail_Store_F,18.4,3.43
SHP-1893,Retail_Store_G,Retail_Store_F,19.0,4.99
SHP-1894,Regional_Warehouse_E,Regional_Warehouse_D,20.3,2.39
SHP-1895,Central_Hub_B,Central_Hub_A,15.9,3.97
SHP-1896,Regional_Warehouse_C,Retail_Store_H,11.0,3.86
SHP-1897,Hospital_Pharma_I,Retail_Store_G,12.9,13.77
SHP-1898,Hospital_Pharma_I,Central_Hub_B,19.2,14.89
SHP-1899,Regional_Warehouse_E,Hospital_Pharma_J,7.1,7.09
SHP-1900,Retail_Store_H,Regional_Warehouse_D,14.2,5.14
SHP-1901,Hospital_Pharma_J,Regional_Warehouse_E,9.6,5.97
SHP-1902,Retail_Store_H,Regional_Warehouse_D,12.2,16.71
SHP-1903,Central_Hub_B,Regional_Warehouse_C,19.7,17.58
SHP-1904,Central_Hub_B,Retail_Store_H,13.1,4.73
SHP-1905,Regional_Warehouse_C,Retail_Store_H,12.3,4.3
SHP-1906,Central_Hub_B,Retail_Store_F,3.8,4.88
SHP-1907,Retail_Store_F,Central_Hub_B,16.5,2.02
SHP-1908,Hospital_Pharma_I,Hospital_Pharma_J,15.9,5.79
SHP-1909,Regional_Warehouse_E,Hospital_Pharma_J,25.0,4.82
SHP-1910,Regional_Warehouse_C,Hospital_Pharma_J,10.2,4.07
SHP-1911,Retail_Store_F,Hospital_Pharma_I,13.3,3.92
SHP-1912,Regional_Warehouse_D,Central_Hub_B,13.5,4.95
SHP-1913,Regional_Warehouse_D,Regional_Warehouse_C,21.5,2.47
SHP-1914,Regional_Warehouse_D,Retail_Store_H,11.4,3.14
SHP-1915,Central_Hub_A,Retail_Store_F,13.7,20.06
SHP-1916,Hospital_Pharma_I,Retail_Store_F,15.6,6.25
SHP-1917,Retail_Store_H,Hospital_Pharma_I,13.1,13.43
SHP-1918,Regional_Warehouse_C,Central_Hub_B,9.3,14.16
SHP-1919,Central_Hub_B,Regional_Warehouse_E,13.2,4.83
SHP-1920,Retail_Store_G,Retail_Store_H,18.4,3.85
SHP-1921,Hospital_Pharma_I,Retail_Store_G,5.8,2.97
SHP-1922,Retail_Store_G,Central_Hub_B,12.8,21.46
SHP-1923,Regional_Warehouse_C,Retail_Store_F,7.8,3.51
SHP-1924,Central_Hub_B,Retail_Store_H,19.2,5.71
SHP-1925,Retail_Store_H,Hospital_Pharma_I,2.9,5.33
SHP-1926,Retail_Store_F,Regional_Warehouse_C,8.6,3.58
SHP-1927,Hospital_Pharma_I,Regional_Warehouse_C,14.3,1.36
SHP-1928,Regional_Warehouse_C,Retail_Store_G,21.4,3.4
SHP-1929,Hospital_Pharma_I,Central_Hub_A,11.6,3.2
SHP-1930,Central_Hub_B,Hospital_Pharma_I,8.7,2.08
SHP-1931,Regional_Warehouse_C,Regional_Warehouse_E,23.3,3.02
SHP-1932,Regional_Warehouse_C,Hospital_Pharma_J,3.3,3.31
SHP-1933,Retail_Store_F,Regional_Warehouse_D,2.0,3.96
SHP-1934,Retail_Store_F,Hospital_Pharma_I,14.6,5.38
SHP-1935,Regional_Warehouse_E,Central_Hub_B,9.0,3.08
SHP-1936,Regional_Warehouse_E,Regional_Warehouse_D,5.9,3.61
SHP-1937,Hospital_Pharma_I,Regional_Warehouse_E,16.3,5.63
SHP-1938,Regional_Warehouse_C,Regional_Warehouse_E,13.5,4.2
SHP-1939,Hospital_Pharma_J,Hospital_Pharma_I,8.6,6.09
SHP-1940,Central_Hub_B,Hospital_Pharma_I,4.3,3.54
SHP-1941,Regional_Warehouse_C,Hospital_Pharma_J,17.2,4.74
SHP-1942,Regional_Warehouse_C,Retail_Store_F,15.9,5.78
SHP-1943,Hospital_Pharma_J,Central_Hub_A,11.4,4.48
SHP-1944,Central_Hub_A,Central_Hub_B,23.1,1.89
SHP-1945,Central_Hub_A,Regional_Warehouse_E,5.6,3.63
SHP-1946,Regional_Warehouse_D,Retail_Store_G,2.8,4.82
SHP-1947,Hospital_Pharma_J,Central_Hub_A,7.8,3.87
SHP-1948,Retail_Store_H,Hospital_Pharma_I,11.7,17.55
SHP-1949,Regional_Warehouse_E,Hospital_Pharma_J,13.5,4.08
SHP-1950,Retail_Store_H,Regional_Warehouse_D,10.6,16.07
SHP-1951,Retail_Store_G,Regional_Warehouse_E,14.1,5.11
SHP-1952,Retail_Store_H,Central_Hub_B,4.5,3.16
SHP-1953,Central_Hub_A,Regional_Warehouse_C,20.7,3.97
SHP-1954,Retail_Store_H,Retail_Store_G,11.5,5.28
SHP-1955,Retail_Store_H,Hospital_Pharma_J,18.7,4.06
SHP-1956,Regional_Warehouse_D,Retail_Store_F,14.1,4.1
SHP-1957,Hospital_Pharma_J,Regional_Warehouse_C,14.7,14.56
SHP-1958,Retail_Store_F,Hospital_Pharma_J,15.4,2.73
SHP-1959,Retail_Store_F,Retail_Store_G,14.7,3.56
SHP-1960,Regional_Warehouse_C,Retail_Store_F,15.9,16.48
SHP-1961,Hospital_Pharma_I,Hospital_Pharma_J,20.0,4.46
SHP-1962,Central_Hub_B,Retail_Store_F,13.2,4.12
SHP-1963,Regional_Warehouse_D,Retail_Store_H,16.3,12.43
SHP-1964,Central_Hub_B,Regional_Warehouse_E,11.5,5.43
SHP-1965,Retail_Store_H,Regional_Warehouse_D,20.6,4.88
SHP-1966,Regional_Warehouse_C,Central_Hub_B,7.9,3.71
SHP-1967,Central_Hub_A,Regional_Warehouse_E,22.8,1.64
SHP-1968,Retail_Store_G,Hospital_Pharma_J,11.8,7.11
SHP-1969,Regional_Warehouse_D,Regional_Warehouse_C,3.4,4.02
SHP-1970,Retail_Store_F,Hospital_Pharma_J,12.8,4.03
SHP-1971,Regional_Warehouse_D,Regional_Warehouse_C,7.9,4.79
SHP-1972,Retail_Store_H,Hospital_Pharma_I,17.0,18.02
SHP-1973,Retail_Store_H,Hospital_Pharma_J,8.1,18.45
SHP-1974,Regional_Warehouse_E,Retail_Store_H,9.3,3.56
SHP-1975,Central_Hub_A,Central_Hub_B,2.0,6.74
SHP-1976,Retail_Store_G,Hospital_Pharma_I,9.3,4.36
SHP-1977,Retail_Store_H,Regional_Warehouse_D,2.0,7.44
SHP-1978,Regional_Warehouse_D,Retail_Store_F,2.5,6.21
SHP-1979,Central_Hub_A,Hospital_Pharma_J,16.6,4.25
SHP-1980,Regional_Warehouse_E,Retail_Store_H,16.7,8.99
SHP-1981,Hospital_Pharma_J,Retail_Store_H,14.6,2.32
SHP-1982,Regional_Warehouse_E,Hospital_Pharma_I,6.2,6.31
SHP-1983,Central_Hub_A,Central_Hub_B,11.7,11.47
SHP-1984,Retail_Store_G,Regional_Warehouse_C,12.0,4.96
SHP-1985,Regional_Warehouse_E,Retail_Store_F,5.0,3.52
SHP-1986,Retail_Store_G,Retail_Store_F,21.0,4.44
SHP-1987,Central_Hub_A,Retail_Store_G,17.3,3.74
SHP-1988,Central_Hub_A,Hospital_Pharma_I,10.7,0.77
SHP-1989,Regional_Warehouse_D,Retail_Store_F,12.2,2.23
SHP-1990,Hospital_Pharma_I,Regional_Warehouse_E,13.3,17.62
SHP-1991,Central_Hub_B,Retail_Store_G,2.0,3.66
SHP-1992,Hospital_Pharma_I,Retail_Store_H,10.5,15.57
SHP-1993,Hospital_Pharma_I,Regional_Warehouse_E,7.9,4.07
SHP-1994,Hospital_Pharma_J,Central_Hub_B,6.0,4.09
SHP-1995,Regional_Warehouse_C,Central_Hub_B,10.3,3.14
SHP-1996,Retail_Store_G,Retail_Store_F,22.8,5.49
SHP-1997,Retail_Store_F,Hospital_Pharma_I,15.8,4.59
SHP-1998,Retail_Store_F,Regional_Warehouse_C,8.6,18.2
SHP-1999,Regional_Warehouse_D,Hospital_Pharma_I,15.4,7.25
